english_word	offset	definition	c_lu_id	spelling	provenance
digestive	eng-30-03060385-a	relating to or having the power to cause or promote digestion	r_a-12910	misvormd	opus_alt-dict
paraguayan	eng-30-02967179-a	of or relating to or characteristic of Paraguay or its people	r_a-17079	Paraguayaans	automatic-rule-1_bing_opus_std-dict
monolingual	eng-30-01545427-a	using or knowing only one language	r_a-10543	eentalig	google_opus_alt-dict
british	eng-30-03022177-a	of or relating to or characteristic of Great Britain or its people or culture	r_a-17260	Brits	google_opus_std-dict
fundamentalist	eng-30-02953235-a	of or relating to or tending toward fundamentalism	r_a-10761	fundamentalistisch	opus_std-dict
venezuelan	eng-30-02966656-a	of or relating to or characteristic of Venezuela or its people	r_a-17208	Venezolaans	automatic-rule-1_bing_opus_std-dict
darwinian	eng-30-03013550-a	of or relating to Charles Darwin's theory of organic evolution	d_a-70739	darwinistisch	opus_std-dict
florentine	eng-30-02904916-a	of or relating to or characteristic of the city of Florence	r_a-16826	Florentijns	google_opus_std-dict
extraterrestrial	eng-30-02780355-a	originating or located or occurring outside Earth or its atmosphere	r_a-9404	buitenaards	google_bing_std-dict
antibiotic	eng-30-02629301-a	of or relating to antibiotic drugs	d_a-11734	antibiotisch	automatic-rule-1_opus_std-dict
pharyngeal	eng-30-02997099-a	of or relating to the throat	d_a-79350	faryngaal	bing_std-dict
haitian	eng-30-03071651-a	of or relating to or characteristic of the republic of Haiti or its people	r_a-16855	Haïtiaans	automatic-rule-1_google_bing_opus_std-dict
eager	eng-30-00810916-a	having or showing keen interest or intense desire or impatient expectancy	r_a-10431	enthousiast	bing_std-dict
maoist	eng-30-02759290-a	of or relating to Maoism	r_a-12754	maoïstisch	google_bing_opus_alt-dict
mucoid	eng-30-02903793-a	relating to or resembling mucus	d_a-176205	mucoïd	automatic-rule-1_google_std-dict
cubist	eng-30-03021194-a	relating to or characteristic of cubism	r_a-12606	kubistisch	google_bing_alt-dict
mexican	eng-30-03026902-a	of or relating to Mexico or its inhabitants	r_a-17000	Mexicaans	opus_std-dict
syphilitic	eng-30-03121855-a	of or relating to or infected with syphilis	d_a-278628	syfilitisch	automatic-rule-1_opus_std-dict
papist	eng-30-02921753-a	of or relating to or supporting Romanism	r_a-14240	paaps	opus_std-dict
bilabial	eng-30-03048385-a	of or relating to or being a speech sound that is articulated using both lips	d_a-300083	tweelippig	google_std-dict
chilean	eng-30-02965985-a	of or relating to or characteristic of Chile or its people	r_a-16779	Chileens	bing_opus_alt-dict
ethiopian	eng-30-03064693-a	of or relating to or characteristic of Ethiopia or its people or languages	r_a-16817	Ethiopisch	opus_std-dict
botanical	eng-30-02668258-a	of or relating to plants or botany	r_a-9366	botanisch	bing_opus_alt-dict
fundamentalist	eng-30-02953235-a	of or relating to or tending toward fundamentalism	r_a-10761	fundamentalistisch	google_bing_opus_alt-dict
omani	eng-30-03093551-a	of or relating to Oman or its people	r_a-17059	Omaans	automatic-rule-1_bing_opus_std-dict
swiss	eng-30-02960975-a	of or relating to Switzerland or its people or culture	r_a-17245	Zwitsers	bing_opus_alt-dict
utopian	eng-30-03020193-a	of or pertaining to or resembling a utopia	r_a-15803	utopisch	google_opus_std-dict
monegasque	eng-30-02978155-a	of or relating to or characteristic of Monaco or its people	r_a-17010	Monegaskisch	automatic-rule-1_opus_std-dict
uruguayan	eng-30-02967333-a	of or relating to or characteristic of Uruguay or its people	r_a-17201	Uruguayaans	automatic-rule-1_bing_opus_std-dict
namibian	eng-30-03088838-a	of or relating to Namibia or its people	r_a-17026	Namibisch	automatic-rule-1_bing_opus_std-dict
asian	eng-30-02968525-a	of or relating to or characteristic of Asia or the peoples of Asia or their languages or culture	r_a-16709	Aziatisch	bing_opus_alt-dict
anglican	eng-30-02954459-a	of or pertaining to or characteristic of the Anglican church	r_a-8780	anglicaans	google_opus_alt-dict
isolationist	eng-30-03022917-a	of or relating to isolationism	d_a-125306	isolationistisch	automatic-rule-1_google_bing_opus_std-dict
mnemonic	eng-30-02896017-a	of or relating to or involved the practice of aiding the memory	d_a-173730	mnemonisch	opus_std-dict
gambian	eng-30-03067153-a	of or relating to or characteristic of Gambia or its inhabitants	r_a-16833	Gambiaans	automatic-rule-1_google_bing_opus_std-dict
franciscan	eng-30-03066658-a	of or relating to Saint Francis of Assisi or to the order founded by him	r_a-10736	franciscaans	automatic-rule-1_google_bing_opus_std-dict
sonant	eng-30-02286083-a	produced with vibration of the vocal cords; 	r_a-15178	stemhebbend	google_std-dict
salvadoran	eng-30-02969375-a	of or relating to or characteristic of El Salvador or its people	r_a-17118	Salvadoraans	automatic-rule-1_google_bing_opus_std-dict
feminist	eng-30-02839357-a	of or relating to or advocating equal rights for women	r_a-10661	feministisch	opus_alt-dict
yugoslav	eng-30-02962013-a	of or relating to or characteristic of the former country of Yugoslavia or its people or languages	r_a-16888	Joegoslavisch	automatic-rule-1_google_bing_opus_std-dict
muhammadan	eng-30-03035113-a	of or relating to the Arabian prophet Muhammad or to the religion he founded	r_a-12933	mohammedaans	google_alt-dict
sumerian	eng-30-02805331-a	of or relating to ancient Sumer or its inhabitants	r_a-17120	Samaritaans	opus_std-dict
pleasing	eng-30-01807219-a	giving pleasure and satisfaction	r_a-14326	plezierig	opus_std-dict
austrian	eng-30-02961099-a	of or relating to Austria or its people or culture	r_a-17066	Oostenrijks	bing_opus_alt-dict
pharmaceutic	eng-30-03098803-a	of or relating to pharmacy or pharmacists	r_a-10639	farmaceutisch	google_std-dict
unitarian	eng-30-02955996-a	of or relating to or characterizing Unitarianism	d_a-303822	unitair	automatic-rule-1_bing_std-dict
eatable	eng-30-00828779-a	suitable for use as food	r_a-10383	eetbaar	google_bing_std-dict
intransitive	eng-30-02488907-a	designating a verb that does not require or cannot take a direct object	r_a-13633	onovergankelijk	google_std-dict
saudi	eng-30-03114139-a	of or relating to Saudi Arabia or its people	r_a-17130	Saudisch	automatic-rule-1_opus_alt-dict
perishable	eng-30-01753365-a	liable to perish; subject to destruction or death or decay	r_a-9155	bederfelijk	google_opus_std-dict
libyan	eng-30-03081160-a	of or relating to Libya or its people	r_a-16952	Libisch	bing_opus_alt-dict
combustible	eng-30-00472992-a	capable of igniting and burning	r_a-9505	brandbaar	google_opus_std-dict
franciscan	eng-30-03066658-a	of or relating to Saint Francis of Assisi or to the order founded by him	r_a-10737	franciscaner	opus_std-dict
paramilitary	eng-30-02764378-a	of or relating to a group of civilians organized to function like or to assist a military unit	r_a-14183	paramilitair	bing_opus_alt-dict
nicaraguan	eng-30-03090939-a	of or relating to Nicaragua or is people	r_a-17037	Nicaraguaans	google_opus_std-dict
epileptic	eng-30-02945660-a	of or relating to or characteristic of epilepsy	r_a-10567	epileptisch	opus_alt-dict
postdoctoral	eng-30-02762621-a	of or relating to study or research that is done after work for the doctoral degree has been completed	r_a-14470	postdoctoraal	google_bing_std-dict
uruguayan	eng-30-02967333-a	of or relating to or characteristic of Uruguay or its people	r_a-17201	Uruguayaans	google_std-dict
walk-on	eng-30-00153239-a	not capable of or especially not involving speech or spoken lines	r_a-9177	begaanbaar	bing_alt-dict
yugoslav	eng-30-02962013-a	of or relating to or characteristic of the former country of Yugoslavia or its people or languages	r_a-16888	Joegoslavisch	opus_std-dict
cephalopod	eng-30-02688369-a	relating or belonging to the class Cephalopoda	d_a-141124	koppotig	automatic-rule-1_opus_std-dict
florentine	eng-30-02904916-a	of or relating to or characteristic of the city of Florence	r_a-16826	Florentijns	automatic-rule-1_bing_opus_std-dict
mnemonic	eng-30-02896017-a	of or relating to or involved the practice of aiding the memory	d_a-173732	mnemotechnisch	opus_std-dict
combustible	eng-30-00472992-a	capable of igniting and burning	r_a-9505	brandbaar	bing_opus_alt-dict
iambic	eng-30-02897040-a	of or consisting of iambs	d_a-127551	jambisch	google_opus_std-dict
socialist	eng-30-00298041-a	advocating or following the socialist principles	r_a-14960	socialistisch	bing_opus_alt-dict
placental	eng-30-01830946-a	pertaining to or having or occurring by means of a placenta	d_a-217518	placentair	automatic-rule-1_opus_std-dict
essene	eng-30-02722901-a	said of or relating to the Essenes	d_a-78577	essen	automatic-rule-1_google_std-dict
chadian	eng-30-03054743-a	of or relating to or characteristic of the Republic of Chad or its people or language	r_a-17190	Tsjaads	google_std-dict
eager	eng-30-00810916-a	having or showing keen interest or intense desire or impatient expectancy	r_a-11177	gretig	google_opus_std-dict
austrian	eng-30-02961099-a	of or relating to Austria or its people or culture	r_a-17066	Oostenrijks	google_opus_std-dict
invertebrate	eng-30-02510273-a	lacking a backbone or spinal column	r_a-13543	ongewerveld	google_std-dict
mediterranean	eng-30-03085213-a	of or relating to or characteristic of or located near the Mediterranean Sea	r_a-12857	middellands	automatic-rule-1_opus_std-dict
tanzanian	eng-30-03123013-a	of or relating to the republic of Tanzania or its people	r_a-17165	Tanzaniaans	google_std-dict
cameroonian	eng-30-03052588-a	of or relating to or characteristic of Cameroon or its people	r_a-16900	Kameroens	automatic-rule-1_google_std-dict
eager	eng-30-00810916-a	having or showing keen interest or intense desire or impatient expectancy	r_a-9388	bronstig	automatic-rule-1_opus_std-dict
penitent	eng-30-01743217-a	feeling or expressing remorse for misdeeds	r_a-9352	boetvaardig	google_opus_alt-dict
bolshevist	eng-30-02875499-a	of or relating to Bolshevism	d_a-536651	bolsjewistisch	automatic-rule-1_google_std-dict
veterinary	eng-30-03128816-a	of or relating to veterinarians or veterinary medicine	d_a-70883	diergeneeskundig	opus_std-dict
muslim	eng-30-02923510-a	of or relating to or supporting Islamism	r_a-12014	islamitisch	opus_alt-dict
edible	eng-30-00828779-a	suitable for use as food	r_a-10383	eetbaar	bing_opus_alt-dict
adverbial	eng-30-02936235-a	of or relating to or functioning as an adverb	r_a-9561	bijwoordelijk	google_std-dict
chadian	eng-30-03054743-a	of or relating to or characteristic of the Republic of Chad or its people or language	r_a-17190	Tsjaads	automatic-rule-1_opus_std-dict
thermoplastic	eng-30-02409849-a	having the property of softening or fusing when heated and of hardening and becoming rigid again when cooled	d_a-289825	thermoplastisch	automatic-rule-1_opus_std-dict
pharmaceutic	eng-30-03098803-a	of or relating to pharmacy or pharmacists	r_a-10639	farmaceutisch	bing_alt-dict
darwinian	eng-30-03013550-a	of or relating to Charles Darwin's theory of organic evolution	d_a-70737	darwiniaans	automatic-rule-1_opus_std-dict
horizontal	eng-30-01232635-a	parallel to or in the plane of the horizon or a base line	r_a-11692	horizontaal	automatic-rule-2_opus_alt-dict
estonian	eng-30-02723158-a	of or pertaining to Estonia or the people or culture of Estonia	r_a-16816	Ests	automatic-rule-1_opus_std-dict
heuristic	eng-30-00092933-a	of or relating to or using a general formulation that serves to guide investigation	r_a-11730	heuristisch	google_bing_opus_std-dict
moorish	eng-30-03088220-a	relating to or characteristic of the Moors	d_a-180670	Moors	automatic-rule-1_bing_opus_std-dict
expressionist	eng-30-02835145-a	of or relating to expressionism	r_a-10523	expressionistisch	automatic-rule-1_google_std-dict
hepatic	eng-30-02740380-a	pertaining to or affecting the liver	d_a-108158	hepatisch	automatic-rule-1_bing_opus_std-dict
cambodian	eng-30-02968828-a	of or relating to or characteristic of Cambodia or its people or language	r_a-16769	Cambodjaans	automatic-rule-1_bing_opus_std-dict
botanical	eng-30-02668258-a	of or relating to plants or botany	r_a-9366	botanisch	google_opus_std-dict
andorran	eng-30-02978000-a	of or relating to or characteristic of Andorra or its people	r_a-16682	Andorraans	automatic-rule-1_opus_std-dict
perishable	eng-30-01753365-a	liable to perish; subject to destruction or death or decay	r_a-9155	bederfelijk	bing_opus_alt-dict
employable	eng-30-00865201-a	physically and mentally capable of working at a regular job and available	r_a-11960	inzetbaar	google_bing_opus_std-dict
egocentric	eng-30-00101800-a	limited to or caring only about yourself and your own needs	r_a-10392	egocentrisch	automatic-rule-1_bing_opus_std-dict
ascending	eng-30-02484208-a	moving or going or growing upward	d_a-541400	opstijgend	automatic-rule-1_opus_std-dict
guatemalan	eng-30-03071022-a	of or relating to or characteristic of Guatemala or its residents	r_a-16847	Guatemalaans	opus_std-dict
efferent	eng-30-00333987-a	of nerves and nerve impulses; conveying information away from the CNS	d_a-72475	efferent	google_bing_std-dict
cyrillic	eng-30-03059033-a	relating to or written in the alphabet used for writing Slavic languages	r_a-9841	cyrillisch	google_bing_opus_std-dict
mexican	eng-30-03026902-a	of or relating to Mexico or its inhabitants	r_a-17000	Mexicaans	automatic-rule-1_bing_opus_std-dict
inquiring	eng-30-00878829-a	given to inquiry	d_a-208101	onderzoekend	automatic-rule-1_bing_opus_std-dict
paramedical	eng-30-02773862-a	of or denoting a person who assists physicians and nurses or is trained physicians and nurses in their activities	r_a-14250	paramedisch	automatic-rule-1_opus_std-dict
philippine	eng-30-03066180-a	of or relating to or characteristic of the Philippines or its people or customs	r_a-16821	Filipijns	automatic-rule-1_bing_opus_alt-dict
centennial	eng-30-02998988-a	of or relating to or completing a period of 100 years	r_a-11736	honderdjarig	google_std-dict
malawian	eng-30-03082875-a	relating to or characteristic of Malawi or its people or culture	r_a-16980	Malawisch	automatic-rule-1_bing_opus_std-dict
zimbabwean	eng-30-03131750-a	of or relating to or characteristic of Zimbabwe or its people	r_a-17236	Zimbabwaans	automatic-rule-1_google_bing_opus_std-dict
british	eng-30-03022177-a	of or relating to or characteristic of Great Britain or its people or culture	r_a-17260	Brits	bing_opus_alt-dict
haitian	eng-30-03071651-a	of or relating to or characteristic of the republic of Haiti or its people	r_a-16855	Haïtiaans	opus_std-dict
asiatic	eng-30-02968525-a	of or relating to or characteristic of Asia or the peoples of Asia or their languages or culture	r_a-16709	Aziatisch	bing_alt-dict
absolutist	eng-30-03139045-a	pertaining to the principle of totalitarianism	r_a-8970	absolutistisch	automatic-rule-1_opus_std-dict
cypriot	eng-30-03058754-a	of or relating to Cyprus or its people or culture	r_a-16791	Cyprisch	automatic-rule-1_opus_std-dict
fascist	eng-30-02920769-a	relating to or characteristic of fascism	r_a-10641	fascistisch	opus_std-dict
somalian	eng-30-03119182-a	of or relating to the African republic of Somalia or its people or their language and culture	r_a-17155	Somalisch	automatic-rule-1_bing_opus_std-dict
audiovisual	eng-30-02648392-a	involving both hearing and seeing (usually relating to teaching aids)	r_a-8830	audiovisueel	bing_opus_alt-dict
tellurian	eng-30-02810102-a	of or relating to or inhabiting the land as opposed to the sea or air	r_a-8689	aards	google_std-dict
philippine	eng-30-03066180-a	of or relating to or characteristic of the Philippines or its people or customs	r_a-16821	Filipijns	google_alt-dict
peruvian	eng-30-02966154-a	of or relating to or characteristic of Peru or its people	r_a-17090	Peruaans	automatic-rule-1_bing_opus_std-dict
kurdish	eng-30-03078832-a	of or relating to Kurdistan or the Kurds or their language and culture	r_a-16923	Koerdisch	automatic-rule-1_bing_opus_std-dict
romansh	eng-30-02789031-a	of or relating to the Romansh language	d_a-536615	romaans	opus_std-dict
saudi	eng-30-03114139-a	of or relating to Saudi Arabia or its people	r_a-17130	Saudisch	automatic-rule-1_opus_std-dict
tanzanian	eng-30-03123013-a	of or relating to the republic of Tanzania or its people	r_a-17165	Tanzaniaans	automatic-rule-1_bing_opus_std-dict
argentinian	eng-30-02966972-a	of or relating to or characteristic of Argentina or its people	r_a-16695	Argentijns	bing_opus_alt-dict
exponential	eng-30-02965274-a	of or involving exponents	r_a-10522	exponentieel	opus_std-dict
cuban	eng-30-02969591-a	of or relating to or characteristic of Cuba or the people of Cuba	r_a-16789	Cubaans	bing_opus_alt-dict
iambic	eng-30-02897040-a	of or consisting of iambs	d_a-127551	jambisch	automatic-rule-1_opus_std-dict
coronary	eng-30-02984607-a	surrounding like a crown (especially of the blood vessels surrounding the heart)	d_a-52295	coronair	opus_std-dict
nonresident	eng-30-02125601-a	not living in a particular place or owned by permanent residents	r_a-12010	inwonend	bing_alt-dict
yemeni	eng-30-03130962-a	of or relating to or characteristic of Yemen or its inhabitants	r_a-16886	Jemenitisch	google_std-dict
atlantic	eng-30-02946507-a	relating to or bordering the Atlantic Ocean	r_a-17253	Atlantisch	bing_opus_alt-dict
ethiopian	eng-30-03064693-a	of or relating to or characteristic of Ethiopia or its people or languages	r_a-16817	Ethiopisch	automatic-rule-1_bing_opus_std-dict
mauritanian	eng-30-03084759-a	of or related to the island or country of Mauritius or its inhabitants	r_a-16993	Mauritaans	automatic-rule-1_google_opus_std-dict
buddhist	eng-30-02924102-a	of or relating to or supporting Buddhism	r_a-9490	boeddhistisch	google_bing_opus_alt-dict
monolingual	eng-30-01545427-a	using or knowing only one language	r_a-10543	eentalig	bing_std-dict
cuban	eng-30-02969591-a	of or relating to or characteristic of Cuba or the people of Cuba	r_a-16789	Cubaans	google_opus_std-dict
proprietary	eng-30-01109914-a	protected by trademark or patent or copyright; made or produced or distributed by one having exclusive rights	r_a-10639	farmaceutisch	opus_alt-dict
pleasing	eng-30-01807219-a	giving pleasure and satisfaction	r_a-8654	aangenaam	google_bing_std-dict
audible	eng-30-00173764-a	heard or perceptible by the ear	r_a-11751	hoorbaar	google_bing_opus_std-dict
moorish	eng-30-03088220-a	relating to or characteristic of the Moors	d_a-180670	Moors	google_opus_std-dict
atlantic	eng-30-02946507-a	relating to or bordering the Atlantic Ocean	r_a-17253	Atlantisch	opus_std-dict
manichean	eng-30-02759009-a	of or relating to Manichaeism	r_a-10139	dualistisch	opus_std-dict
pronominal	eng-30-02937433-a	relating to pronouns	r_a-16315	voornaamwoordelijk	google_std-dict
mnemonic	eng-30-02896017-a	of or relating to or involved the practice of aiding the memory	d_a-173732	mnemotechnisch	automatic-rule-1_opus_std-dict
estonian	eng-30-02723158-a	of or pertaining to Estonia or the people or culture of Estonia	r_a-16816	Ests	opus_std-dict
romance	eng-30-03080351-a	relating to languages derived from Latin	d_a-536615	romaans	automatic-rule-1_opus_std-dict
antipyretic	eng-30-01170136-a	preventing or alleviating fever	r_a-12650	koortswerend	google_std-dict
bulimic	eng-30-02671885-a	suffering from bulimia	r_a-16145	vraatzuchtig	automatic-rule-1_opus_std-dict
pressor	eng-30-02784558-a	increasing (or tending to increase) blood pressure	d_a-45038	bloeddrukverhogend	automatic-rule-1_opus_std-dict
european	eng-30-02968325-a	of or relating to or characteristic of Europe or the people of Europe	r_a-17269	Europees	automatic-rule-1_opus_std-dict
mediterranean	eng-30-03085213-a	of or relating to or characteristic of or located near the Mediterranean Sea	r_a-12793	mediterraan	bing_opus_alt-dict
potable	eng-30-00797113-a	suitable for drinking	r_a-10306	drinkbaar	google_bing_std-dict
brachycephalic	eng-30-00262124-a	having a short broad head with a cephalic index of over 80	d_a-151143	kortschedelig	automatic-rule-1_google_std-dict
darwinian	eng-30-03013550-a	of or relating to Charles Darwin's theory of organic evolution	d_a-70739	darwinistisch	automatic-rule-1_google_bing_std-dict
zambian	eng-30-03131331-a	of or relating to or characteristic of Zambia or its people	r_a-17233	Zambiaans	automatic-rule-1_google_bing_opus_std-dict
bhutanese	eng-30-03048204-a	of or pertaining to or characteristic of Bhutan or its people or culture or language	r_a-16739	Bhutaans	automatic-rule-1_bing_opus_std-dict
supernatural	eng-30-01574446-a	not existing in nature or subject to explanation according to natural laws; not physical or material	r_a-9373	bovennatuurlijk	bing_opus_alt-dict
vertebrate	eng-30-02510062-a	having a backbone or spinal column	r_a-11342	gewerveld	bing_opus_alt-dict
dolichocephalic	eng-30-00262529-a	having a relatively long head with a cephalic index of under 75	d_a-153173	langschedelig	google_std-dict
european	eng-30-02968325-a	of or relating to or characteristic of Europe or the people of Europe	r_a-17269	Europees	opus_std-dict
dalmatian	eng-30-03059551-a	of or relating to Dalmatia or its inhabitants	r_a-16792	Dalmatisch	automatic-rule-1_bing_std-dict
kenyan	eng-30-03078586-a	of or relating to or characteristic of Kenya or its people	r_a-16914	Keniaans	automatic-rule-1_bing_opus_std-dict
existentialist	eng-30-02724759-a	relating to or involving existentialism	d_a-78595	existentialistisch	automatic-rule-1_google_std-dict
afferent	eng-30-00333351-a	of nerves and nerve impulses; conveying sensory information from the sense organs to the CNS	d_a-5905	afferent	google_bing_std-dict
paramilitary	eng-30-02764378-a	of or relating to a group of civilians organized to function like or to assist a military unit	r_a-14183	paramilitair	google_std-dict
somalian	eng-30-03119182-a	of or relating to the African republic of Somalia or its people or their language and culture	r_a-17155	Somalisch	google_std-dict
egocentric	eng-30-00101800-a	limited to or caring only about yourself and your own needs	r_a-10392	egocentrisch	google_opus_std-dict
fascist	eng-30-02920769-a	relating to or characteristic of fascism	r_a-10641	fascistisch	bing_opus_alt-dict
chilean	eng-30-02965985-a	of or relating to or characteristic of Chile or its people	r_a-16779	Chileens	google_std-dict
breakable	eng-30-00708017-a	capable of being broken or damaged	r_a-9383	breekbaar	bing_opus_alt-dict
demographic	eng-30-02906351-a	of or relating to demography	r_a-10175	demografisch	bing_opus_alt-dict
athenian	eng-30-02972499-a	of or relating to or characteristic of Athens or its inhabitants	r_a-16703	Atheens	automatic-rule-1_bing_opus_std-dict
prussian	eng-30-03104149-a	of or relating to or characteristic of Prussia or its inhabitants	r_a-17101	Pruisisch	google_opus_std-dict
dietary	eng-30-02846322-a	of or relating to the diet	d_a-60375	diëtisch	automatic-rule-1_opus_std-dict
nicaraguan	eng-30-03090939-a	of or relating to Nicaragua or is people	r_a-17043	Nigeriaans	opus_std-dict
herbal	eng-30-02893195-a	of or relating to herbs	r_a-14312	plantaardig	opus_std-dict
woollen	eng-30-03130689-a	of or related to or made of wool	r_a-15846	wollen	google_bing_opus_std-dict
kurdish	eng-30-03078832-a	of or relating to Kurdistan or the Kurds or their language and culture	r_a-16923	Koerdisch	google_opus_std-dict
invertebrate	eng-30-02510273-a	lacking a backbone or spinal column	r_a-13543	ongewerveld	opus_alt-dict
bolivian	eng-30-02967485-a	of or relating to or characteristic of Bolivia or its people	r_a-16752	Boliviaans	automatic-rule-1_google_bing_opus_std-dict
prussian	eng-30-03104149-a	of or relating to or characteristic of Prussia or its inhabitants	r_a-17101	Pruisisch	automatic-rule-1_bing_opus_std-dict
kampuchean	eng-30-02968828-a	of or relating to or characteristic of Cambodia or its people or language	r_a-16769	Cambodjaans	automatic-rule-1_google_bing_std-dict
stalinist	eng-30-02802476-a	of or relating to Joseph Stalin or his times	r_a-15173	stalinistisch	automatic-rule-1_google_bing_opus_std-dict
hypotensive	eng-30-01599228-a	having abnormally low blood pressure	d_a-45040	bloeddrukverlagend	automatic-rule-1_google_std-dict
bahamian	eng-30-03045992-a	of or relating to or characteristic of the Bahama Islands or their inhabitants	r_a-16713	Bahamaans	automatic-rule-1_google_bing_opus_std-dict
atheist	eng-30-02826443-a	related to or characterized by or given to atheism	r_a-8823	atheïstisch	automatic-rule-1_opus_std-dict
interrogatory	eng-30-00687163-a	relating to the use of or having the nature of an interrogation	d_a-208101	onderzoekend	automatic-rule-1_opus_std-dict
asian	eng-30-02968525-a	of or relating to or characteristic of Asia or the peoples of Asia or their languages or culture	r_a-16709	Aziatisch	opus_std-dict
ecuadorian	eng-30-02966324-a	of or relating to or characteristic of Ecuador or its people	r_a-16804	Ecuadoraans	automatic-rule-1_bing_opus_std-dict
communist	eng-30-02874876-a	relating to or marked by communism	r_a-9749	communistisch	opus_std-dict
corporatist	eng-30-02984911-a	of or relating to corporatism	d_a-52320	corporatistisch	automatic-rule-1_google_bing_opus_std-dict
liberian	eng-30-03081006-a	of or relating to Liberia or its people	r_a-16951	Liberiaans	bing_opus_alt-dict
yugoslavian	eng-30-02962013-a	of or relating to or characteristic of the former country of Yugoslavia or its people or languages	r_a-16888	Joegoslavisch	opus_std-dict
liechtensteiner	eng-30-03081328-a	of or relating to Liechtenstein or its inhabitants	r_a-16953	Liechtensteins	bing_alt-dict
athenian	eng-30-02972499-a	of or relating to or characteristic of Athens or its inhabitants	r_a-16703	Atheens	google_opus_std-dict
waning	eng-30-02534690-a	(of the Moon) pertaining to the period during which the visible surface of the moon decreases	d_a-19062	afnemend	automatic-rule-1_bing_opus_std-dict
laxative	eng-30-00637857-a	stimulating evacuation of feces	r_a-12148	laxerend	opus_alt-dict
machiavellian	eng-30-03082394-a	of or relating to Machiavelli or the principles of conduct he recommended	r_a-11033	geslepen	google_std-dict
episcopalian	eng-30-02954981-a	of or pertaining to or characteristic of the Episcopal church	d_a-74697	episcopaal	opus_std-dict
palestinian	eng-30-02974615-a	of or relating to the area of Palestine and its inhabitants	r_a-17075	Palestijns	google_opus_std-dict
perishable	eng-30-01753365-a	liable to perish; subject to destruction or death or decay	r_a-15957	vergankelijk	opus_alt-dict
multiple	eng-30-02215977-a	having or involving or consisting of more than one part or entity or individual	r_a-12798	meerder	bing_opus_alt-dict
south_african	eng-30-02928926-a	of or pertaining to or characteristic of South Africa or its people	r_a-17238	Zuid-Afrikaans	google_std-dict
venezuelan	eng-30-02966656-a	of or relating to or characteristic of Venezuela or its people	r_a-17208	Venezolaans	google_opus_std-dict
alexandrian	eng-30-03028338-a	of or relating to Alexander the Great or his empire	r_a-16670	Alexandrijns	google_bing_alt-dict
demographic	eng-30-02906351-a	of or relating to demography	r_a-10175	demografisch	google_opus_std-dict
horizontal	eng-30-01232635-a	parallel to or in the plane of the horizon or a base line	r_a-11692	horizontaal	bing_opus_alt-dict
retarded	eng-30-01840366-a	relatively slow in mental or emotional or physical development	r_a-8874	achtergebleven	opus_std-dict
latter	eng-30-01047561-a	referring to the second of two things or persons mentioned (or the last one or ones of several)	r_a-12288	laatstgenoemd	automatic-rule-1_google_std-dict
absolutist	eng-30-03139045-a	pertaining to the principle of totalitarianism	r_a-8970	absolutistisch	opus_std-dict
djiboutian	eng-30-03061762-a	of or relating to Djibouti or its people or culture	r_a-16795	Djiboutiaans	automatic-rule-1_google_bing_std-dict
guatemalan	eng-30-03071022-a	of or relating to or characteristic of Guatemala or its residents	r_a-16847	Guatemalaans	automatic-rule-1_opus_std-dict
edible	eng-30-00828779-a	suitable for use as food	r_a-10383	eetbaar	google_opus_std-dict
philippine	eng-30-03066180-a	of or relating to or characteristic of the Philippines or its people or customs	r_a-16821	Filipijns	automatic-rule-1_opus_std-dict
peruvian	eng-30-02966154-a	of or relating to or characteristic of Peru or its people	r_a-17090	Peruaans	google_std-dict
drinkable	eng-30-00797113-a	suitable for drinking	r_a-10306	drinkbaar	google_bing_opus_std-dict
invariable	eng-30-02505716-a	not liable to or capable of change	r_a-13725	onveranderlijk	google_bing_std-dict
yemeni	eng-30-03130962-a	of or relating to or characteristic of Yemen or its inhabitants	r_a-16886	Jemenitisch	automatic-rule-1_opus_std-dict
kenyan	eng-30-03078586-a	of or relating to or characteristic of Kenya or its people	r_a-16914	Keniaans	opus_std-dict
arithmetic	eng-30-03044869-a	relating to or involving arithmetic	r_a-14567	rekenkundig	automatic-rule-1_opus_std-dict
romani	eng-30-03112177-a	of or relating to the Gypsies or their language or culture	d_a-536615	romaans	opus_std-dict
liberian	eng-30-03081006-a	of or relating to Liberia or its people	r_a-16951	Liberiaans	google_opus_std-dict
siberian	eng-30-03117272-a	of or relating to or characteristic of Siberia or the Siberians	r_a-17289	Siberisch	google_opus_std-dict
siberian	eng-30-03117272-a	of or relating to or characteristic of Siberia or the Siberians	r_a-17289	Siberisch	bing_opus_alt-dict
thespian	eng-30-03125227-a	of or relating to drama	r_a-15444	tragisch	google_std-dict
pakistani	eng-30-03095964-a	of or relating to Pakistan or its people or language	r_a-17074	Pakistaans	google_std-dict
heuristic	eng-30-00092933-a	of or relating to or using a general formulation that serves to guide investigation	r_a-11730	heuristisch	automatic-rule-1_opus_std-dict
anglican	eng-30-02954459-a	of or pertaining to or characteristic of the Anglican church	r_a-8780	anglicaans	opus_std-dict
propagandist	eng-30-03022739-a	of or relating to or characterized by propaganda	r_a-14225	propagandistisch	automatic-rule-1_opus_std-dict
multiple	eng-30-02215977-a	having or involving or consisting of more than one part or entity or individual	d_a-180711	multiple	opus_std-dict
paraguayan	eng-30-02967179-a	of or relating to or characteristic of Paraguay or its people	r_a-17079	Paraguayaans	google_std-dict
socialist	eng-30-00298041-a	advocating or following the socialist principles	r_a-14960	socialistisch	google_opus_std-dict
utopian	eng-30-03020193-a	of or pertaining to or resembling a utopia	r_a-15803	utopisch	automatic-rule-1_bing_opus_std-dict
czechoslovakian	eng-30-02961688-a	of or relating to Czechoslovakia or its people or their language	d_a-300024	Tsjechoslowaaks	automatic-rule-1_google_bing_opus_std-dict
paramedical	eng-30-02773862-a	of or denoting a person who assists physicians and nurses or is trained physicians and nurses in their activities	r_a-14250	paramedisch	google_bing_opus_std-dict
breakable	eng-30-00708017-a	capable of being broken or damaged	r_a-9383	breekbaar	google_std-dict
geodesic	eng-30-02993362-a	of or relating to or determined by geodesy	d_a-90478	geodetisch	automatic-rule-1_google_opus_std-dict
abdominal	eng-30-02934594-a	of or relating to or near the abdomen	d_a-2984	abdominaal	google_std-dict
venetian	eng-30-02970820-a	of or relating to or characteristic of Venice or its people	r_a-17207	Venetiaans	opus_std-dict
horizontal	eng-30-01232635-a	parallel to or in the plane of the horizon or a base line	r_a-11692	horizontaal	google_opus_std-dict
mohammedan	eng-30-03035113-a	of or relating to the Arabian prophet Muhammad or to the religion he founded	r_a-12933	mohammedaans	bing_alt-dict
venetian	eng-30-02970820-a	of or relating to or characteristic of Venice or its people	r_a-17207	Venetiaans	google_bing_opus_alt-dict
purebred	eng-30-01903617-a	bred for many generations from member of a recognized breed or strain	d_a-234348	raszuiver	automatic-rule-1_opus_std-dict
isolationist	eng-30-03022917-a	of or relating to isolationism	d_a-125306	isolationistisch	opus_std-dict
mongoloid	eng-30-03087909-a	characteristic of or resembling a Mongol	r_a-12942	mongoloïde	opus_std-dict
cypriote	eng-30-03058754-a	of or relating to Cyprus or its people or culture	r_a-16791	Cyprisch	automatic-rule-1_bing_std-dict
south_american	eng-30-02928728-a	of or pertaining to or characteristic of the continent or countries of South America or their peoples	r_a-17239	Zuid-Amerikaans	google_std-dict
afghani	eng-30-03003928-a	of or relating to or characteristic of Afghanistan or its people	d_a-539985	Afgaans	automatic-rule-1_opus_std-dict
unitarian	eng-30-02955996-a	of or relating to or characterizing Unitarianism	d_a-304686	unitaristisch	google_std-dict
positivist	eng-30-02782815-a	of or relating to positivism	d_a-222454	positivistisch	automatic-rule-1_google_opus_std-dict
libyan	eng-30-03081160-a	of or relating to Libya or its people	r_a-16952	Libisch	google_std-dict
cambodian	eng-30-02968828-a	of or relating to or characteristic of Cambodia or its people or language	r_a-16769	Cambodjaans	google_opus_std-dict
feline	eng-30-02881888-a	of or relating to cats	d_a-79709	felien	automatic-rule-1_opus_std-dict
arithmetic	eng-30-03044869-a	relating to or involving arithmetic	r_a-14567	rekenkundig	opus_std-dict
gnostic	eng-30-02849594-a	of or relating to Gnosticism	d_a-94583	gnostisch	automatic-rule-1_google_bing_opus_std-dict
bahraini	eng-30-03046184-a	of or relating to or characteristic of Bahrain or its people or language	r_a-16714	Bahreins	automatic-rule-1_google_bing_opus_std-dict
imperialist	eng-30-03074368-a	of or relating to imperialism	r_a-11886	imperialistisch	bing_opus_alt-dict
monegasque	eng-30-02978155-a	of or relating to or characteristic of Monaco or its people	r_a-17010	Monegaskisch	bing_std-dict
californian	eng-30-03052403-a	of or relating to or characteristic of California or its inhabitants	r_a-16768	Californisch	google_std-dict
imperialist	eng-30-03074368-a	of or relating to imperialism	r_a-11886	imperialistisch	opus_std-dict
employable	eng-30-00865201-a	physically and mentally capable of working at a regular job and available	r_a-11960	inzetbaar	opus_alt-dict
cyrillic	eng-30-03059033-a	relating to or written in the alphabet used for writing Slavic languages	r_a-9841	cyrillisch	automatic-rule-1_opus_std-dict
audiovisual	eng-30-02648392-a	involving both hearing and seeing (usually relating to teaching aids)	r_a-8830	audiovisueel	google_opus_std-dict
salvadorean	eng-30-02969375-a	of or relating to or characteristic of El Salvador or its people	r_a-17118	Salvadoraans	automatic-rule-1_google_opus_std-dict
communist	eng-30-02874876-a	relating to or marked by communism	r_a-9749	communistisch	google_bing_opus_alt-dict
aristotelian	eng-30-03028465-a	of or relating to Aristotle or his philosophy	d_a-13333	aristotelisch	automatic-rule-1_google_opus_std-dict
palestinian	eng-30-02974615-a	of or relating to the area of Palestine and its inhabitants	r_a-17075	Palestijns	bing_opus_alt-dict
conic	eng-30-02844728-a	relating to or resembling a cone	r_a-9762	conisch	google_std-dict
guyanese	eng-30-03071374-a	of or relating to or characteristic of Guyana or its inhabitants	r_a-16851	Guyaans	automatic-rule-1_bing_std-dict
seasonal	eng-30-01494273-a	occurring at or dependent on a particular season	r_a-15235	seizoengebonden	opus_std-dict
californian	eng-30-03052403-a	of or relating to or characteristic of California or its inhabitants	r_a-16768	Californisch	bing_opus_alt-dict
swiss	eng-30-02960975-a	of or relating to Switzerland or its people or culture	r_a-17245	Zwitsers	google_opus_std-dict
namibian	eng-30-03088838-a	of or relating to Namibia or its people	r_a-17026	Namibisch	google_opus_std-dict
bolshevist	eng-30-02875499-a	of or relating to Bolshevism	d_a-536651	bolsjewistisch	bing_opus_std-dict
laxative	eng-30-00637857-a	stimulating evacuation of feces	r_a-12148	laxerend	opus_std-dict
woolen	eng-30-03130689-a	of or related to or made of wool	r_a-15846	wollen	google_opus_std-dict
nicaraguan	eng-30-03090939-a	of or relating to Nicaragua or is people	r_a-17037	Nicaraguaans	automatic-rule-1_bing_opus_std-dict
algerian	eng-30-02977826-a	of or relating to or characteristic of Algeria or its inhabitants	r_a-16671	Algerijns	automatic-rule-1_bing_opus_std-dict
insolvent	eng-30-02026442-a	unable to meet or discharge financial obligations	r_a-12035	insolvent	bing_opus_alt-dict
carolingian	eng-30-02680977-a	of or relating to the Frankish dynasty founded by Charlemagne's father	d_a-131555	Karolingisch	automatic-rule-1_google_bing_std-dict
supernatural	eng-30-01574446-a	not existing in nature or subject to explanation according to natural laws; not physical or material	r_a-9373	bovennatuurlijk	google_opus_std-dict
coronary	eng-30-02984607-a	surrounding like a crown (especially of the blood vessels surrounding the heart)	d_a-52295	coronair	automatic-rule-1_google_bing_opus_std-dict
papist	eng-30-02921753-a	of or relating to or supporting Romanism	r_a-14240	paaps	automatic-rule-1_opus_std-dict
thermoplastic	eng-30-02409849-a	having the property of softening or fusing when heated and of hardening and becoming rigid again when cooled	d_a-289825	thermoplastisch	google_opus_std-dict
jacobean	eng-30-03076108-a	of or relating to James I or his reign or times	d_a-129246	jakobijns	opus_std-dict
seychellois	eng-30-03116517-a	of the Seychelles or their people	r_a-17137	Seychels	automatic-rule-1_bing_std-dict
vertebrate	eng-30-02510062-a	having a backbone or spinal column	r_a-11342	gewerveld	google_std-dict
insolvent	eng-30-02026442-a	unable to meet or discharge financial obligations	r_a-12035	insolvent	google_opus_std-dict
depressant	eng-30-02308214-a	capable of depressing physiological or psychological activity or response by a chemical agent	d_a-208062	onderdrukkend	opus_std-dict
argentinian	eng-30-02966972-a	of or relating to or characteristic of Argentina or its people	r_a-16695	Argentijns	google_opus_std-dict
biped	eng-30-00241672-a	having two feet	r_a-15558	tweebenig	bing_std-dict
methodist	eng-30-02955562-a	of or pertaining to or characteristic of the branch of Protestantism adhering to the views of Wesley	d_a-180506	methodistisch	automatic-rule-1_opus_std-dict
pakistani	eng-30-03095964-a	of or relating to Pakistan or its people or language	r_a-17074	Pakistaans	automatic-rule-1_bing_opus_std-dict
yugoslavian	eng-30-02962013-a	of or relating to or characteristic of the former country of Yugoslavia or its people or languages	r_a-16888	Joegoslavisch	automatic-rule-1_bing_opus_std-dict
mucoid	eng-30-02903793-a	relating to or resembling mucus	d_a-261360	slijmachtig	bing_std-dict
epileptic	eng-30-02945660-a	of or relating to or characteristic of epilepsy	r_a-10567	epileptisch	google_bing_opus_std-dict
arminian	eng-30-02625546-a	of or relating to Arminianism	d_a-19403	arminiaans	automatic-rule-1_bing_std-dict
deliverable	eng-30-02710438-a	suitable for or ready for delivery	r_a-12316	leverbaar	google_opus_std-dict
exocrine	eng-30-02915381-a	of or relating to exocrine glands or their secretions	d_a-76786	exocrien	automatic-rule-1_opus_std-dict
european	eng-30-02968325-a	of or relating to or characteristic of Europe or the people of Europe	r_a-17269	Europees	google_bing_opus_alt-dict
